tanggal,keterangan,jenis
2026-01-01,Tahun Baru Masehi,libur_nasional
2026-02-16,Cuti bersama Tahun Baru Imlek,cuti_bersama
2026-02-17,Tahun Baru Imlek,libur_nasional
2026-03-18,Cuti bersama Hari Suci Nyepi,cuti_bersama
2026-03-19,Hari Suci Nyepi,libur_nasional
2026-03-20,Cuti bersama Idul Fitri 1447 H,cuti_bersama
2026-03-21,Idul Fitri 1447 H,libur_nasional
2026-03-22,Idul Fitri 1447 H,libur_nasional
2026-03-23,Cuti bersama Idul Fitri 1447 H,cuti_bersama
2026-03-24,Cuti bersama Idul Fitri 1447 H,cuti_bersama
2026-04-03,Wafat Yesus Kristus,libur_nasional
2026-04-05,Kebangkitan Yesus Kristus (Paskah),libur_nasional
2026-05-01,Hari Buruh Internasional,libur_nasional
2026-05-14,Kenaikan Yesus Kristus,libur_nasional
2026-05-15,Cuti bersama Kenaikan Yesus Kristus,cuti_bersama
2026-05-27,Idul Adha 1447 H,libur_nasional
2026-05-28,Cuti bersama Idul Adha 1447 H,cuti_bersama
2026-05-31,Hari Raya Waisak,libur_nasional
2026-06-01,Hari Lahir Pancasila,libur_nasional
2026-08-17,Hari Kemerdekaan RI,libur_nasional
2026-12-24,Cuti bersama Hari Raya Natal,cuti_bersama
2026-12-25,Hari Raya Natal,libur_nasional
