tag_varian,tag_baku,jenis
pembangunan rendah karbon,pembangunan rendah karbon,baku
PRK,pembangunan rendah karbon,singkatan
low carbon development,pembangunan rendah karbon,bahasa
pembangunan rendah emisi,pembangunan rendah karbon,sinonim
kemiskinan,kemiskinan,baku
poverty,kemiskinan,bahasa
miskin,kemiskinan,bentuk
stunting,stunting,baku
tengkes,stunting,sinonim
gagal tumbuh,stunting,sinonim
RPJMN,RPJMN,baku
SDGs,SDGs,baku
TPB,SDGs,singkatan
tujuan pembangunan berkelanjutan,SDGs,bahasa
transformasi digital,transformasi digital,baku
digitalisasi,transformasi digital,sinonim
digital transformation,transformasi digital,bahasa
ketahanan pangan,ketahanan pangan,baku
food security,ketahanan pangan,bahasa
perubahan iklim,perubahan iklim,baku
climate change,perubahan iklim,bahasa
infrastruktur,infrastruktur,baku
infrastuktur,infrastruktur,ejaan
infrastructure,infrastruktur,bahasa
UMKM,UMKM,baku
UKM,UMKM,sinonim
pendidikan,pendidikan,baku
education,pendidikan,bahasa
kesehatan,kesehatan,baku
health,kesehatan,bahasa
ekonomi hijau,ekonomi hijau,baku
green economy,ekonomi hijau,bahasa
energi baru terbarukan,energi baru terbarukan,baku
EBT,energi baru terbarukan,singkatan
renewable energy,energi baru terbarukan,bahasa
perdesaan,perdesaan,baku
pedesaan,perdesaan,ejaan
tata kelola,tata kelola,baku
tatakelola,tata kelola,ejaan
governance,tata kelola,bahasa
reformasi birokrasi,reformasi birokrasi,baku
RB,reformasi birokrasi,singkatan
IKN,IKN,baku
Ibu Kota Nusantara,IKN,singkatan
ibukota nusantara,IKN,ejaan
pariwisata,pariwisata,baku
gender,gender,baku
air minum dan sanitasi,air minum dan sanitasi,baku
ketenagakerjaan,ketenagakerjaan,baku
investasi,investasi,baku
perlindungan sosial,perlindungan sosial,baku
evaluasi kinerja,evaluasi kinerja,baku
