uke1,uke2
Sekretariat Kementerian PPN/Sekretariat Utama Bappenas,"Biro Hubungan Masyarakat, Kearsipan, dan Tata Usaha Pimpinan"
Sekretariat Kementerian PPN/Sekretariat Utama Bappenas,Biro Sumber Daya Manusia
Sekretariat Kementerian PPN/Sekretariat Utama Bappenas,Biro Hukum
Sekretariat Kementerian PPN/Sekretariat Utama Bappenas,"Biro Perencanaan, Organisasi, dan Tata Laksana"
Sekretariat Kementerian PPN/Sekretariat Utama Bappenas,Biro Umum
Sekretariat Kementerian PPN/Sekretariat Utama Bappenas,"Pusat Pembinaan, Pendidikan, dan Pelatihan Sumber Daya Manusia Perencanaan Pembangunan"
Sekretariat Kementerian PPN/Sekretariat Utama Bappenas,"Pusat Sistem, Data, dan Informasi Perencanaan Pembangunan"
Sekretariat Kementerian PPN/Sekretariat Utama Bappenas,Pusat Analisis Kebijakan dan Kinerja
Kedeputian Bidang Perencanaan Makro Pembangunan,Sekretariat Deputi Bidang Perencanaan Makro Pembangunan
Kedeputian Bidang Perencanaan Makro Pembangunan,Direktorat Perencanaan Ekonomi Makro dan Pengembangan Model Pembangunan
Kedeputian Bidang Perencanaan Makro Pembangunan,"Direktorat Perencanaan Fiskal, Moneter, dan Sektor Keuangan"
Kedeputian Bidang Perencanaan Makro Pembangunan,Direktorat Perencanaan Hilirisasi dan Kerjasama Ekonomi Internasional
Kedeputian Bidang Perencanaan Makro Pembangunan,Direktorat Perencanaan Peningkatan Produktivitas dan Pembangunan Tematik
Kedeputian Bidang Perencanaan Makro Pembangunan,Direktorat Sinergi dan Tata Kelola Perencanaan Pembangunan
Kedeputian Bidang Pembangunan Kewilayahan,Sekretariat Deputi Bidang Pembangunan Kewilayahan
Kedeputian Bidang Pembangunan Kewilayahan,"Direktorat Pemerintahan, Keuangan Daerah, dan Transfer ke Daerah"
Kedeputian Bidang Pembangunan Kewilayahan,"Direktorat Perdesaan, Daerah Afirmasi, dan Transmigrasi"
Kedeputian Bidang Pembangunan Kewilayahan,"Direktorat Tata Ruang, Perkotaan, Pertanahan, dan Penanggulangan Bencana"
Kedeputian Bidang Pembangunan Kewilayahan,Direktorat Pembangunan Indonesia Barat
Kedeputian Bidang Pembangunan Kewilayahan,Direktorat Pembangunan Indonesia Timur
Kedeputian Bidang Ekonomi dan Transformasi Digital,Sekretariat Deputi Bidang Ekonomi dan Transformasi Digital
Kedeputian Bidang Ekonomi dan Transformasi Digital,"Direktorat Industri, Perdagangan, dan Peningkatan Investasi"
Kedeputian Bidang Ekonomi dan Transformasi Digital,"Direktorat Pariwisata, Ekonomi Kreatif, dan Ekonomi Digital"
Kedeputian Bidang Ekonomi dan Transformasi Digital,Direktorat Ekonomi Syariah dan Badan Usaha Milik Negara
Kedeputian Bidang Ekonomi dan Transformasi Digital,"Direktorat Infrastruktur, Ekosistem, dan Keamanan Digital"
Kedeputian Bidang Ekonomi dan Transformasi Digital,Direktorat Data Pembangunan dan Pemerintah Digital
"Kedeputian Bidang Politik, Hukum, HAM, Pertahanan, dan Keamanan","Sekretariat Deputi Bidang Politik, Hukum, Hak Asasi Manusia, Pertahanan, dan Keamanan"
"Kedeputian Bidang Politik, Hukum, HAM, Pertahanan, dan Keamanan","Direktorat Ideologi, Kebangsaan, Politik, dan Demokrasi"
"Kedeputian Bidang Politik, Hukum, HAM, Pertahanan, dan Keamanan",Direktorat Transformasi Birokrasi dan Pemerintahan
"Kedeputian Bidang Politik, Hukum, HAM, Pertahanan, dan Keamanan","Direktorat Pembangunan Hukum, Hak Asasi Manusia, Imigrasi, dan Pemasyarakatan"
"Kedeputian Bidang Politik, Hukum, HAM, Pertahanan, dan Keamanan",Direktorat Hubungan Luar Negeri
"Kedeputian Bidang Politik, Hukum, HAM, Pertahanan, dan Keamanan",Direktorat Pertahanan dan Keamanan
"Kedeputian Bidang Pemberdayaan Masyarakat, Kependudukan, dan Ketenagakerjaan","Sekretariat Deputi Bidang Pemberdayaan Masyarakat, Kependudukan, dan Ketenagakerjaan"
"Kedeputian Bidang Pemberdayaan Masyarakat, Kependudukan, dan Ketenagakerjaan",Direktorat Penanggulangan Kemiskinan dan Kesejahteraan Sosial
"Kedeputian Bidang Pemberdayaan Masyarakat, Kependudukan, dan Ketenagakerjaan",Direktorat Ketenagakerjaan
"Kedeputian Bidang Pemberdayaan Masyarakat, Kependudukan, dan Ketenagakerjaan",Direktorat Kependudukan dan Jaminan Sosial
"Kedeputian Bidang Pemberdayaan Masyarakat, Kependudukan, dan Ketenagakerjaan",Direktorat Kemandirian Sosial dan Ekonomi
"Kedeputian Bidang Pemberdayaan Masyarakat, Kependudukan, dan Ketenagakerjaan","Direktorat Koperasi dan Usaha Mikro, Kecil, dan Menengah"
Kedeputian Bidang Pembangunan Manusia dan Kebudayaan,Sekretariat Deputi Bidang Pembangunan Manusia dan Kebudayaan
Kedeputian Bidang Pembangunan Manusia dan Kebudayaan,Direktorat Kesehatan dan Gizi Masyarakat
Kedeputian Bidang Pembangunan Manusia dan Kebudayaan,Direktorat Pendidikan Dasar dan Menengah
Kedeputian Bidang Pembangunan Manusia dan Kebudayaan,"Direktorat Pendidikan Tinggi, Ilmu Pengetahuan, dan Teknologi"
Kedeputian Bidang Pembangunan Manusia dan Kebudayaan,"Direktorat Keluarga, Pengasuhan, Perempuan, dan Anak"
Kedeputian Bidang Pembangunan Manusia dan Kebudayaan,"Direktorat Agama, Kebudayaan, Pemuda, dan Olahraga"
"Kedeputian Bidang Pangan, Sumber Daya Alam, dan Lingkungan Hidup","Sekretariat Deputi Bidang Pangan, Sumber Daya Alam, dan Lingkungan Hidup"
"Kedeputian Bidang Pangan, Sumber Daya Alam, dan Lingkungan Hidup",Direktorat Pangan dan Pertanian
"Kedeputian Bidang Pangan, Sumber Daya Alam, dan Lingkungan Hidup",Direktorat Kelautan dan Perikanan
"Kedeputian Bidang Pangan, Sumber Daya Alam, dan Lingkungan Hidup","Direktorat Sumber Daya Energi, Mineral, dan Pertambangan"
"Kedeputian Bidang Pangan, Sumber Daya Alam, dan Lingkungan Hidup",Direktorat Lingkungan Hidup
"Kedeputian Bidang Pangan, Sumber Daya Alam, dan Lingkungan Hidup",Direktorat Kehutanan dan Konservasi Sumber Daya Air
Kedeputian Bidang Infrastruktur,Sekretariat Deputi Bidang Infrastruktur
Kedeputian Bidang Infrastruktur,Direktorat Kemitraan dan Keterpaduan Pembangunan Infrastruktur
Kedeputian Bidang Infrastruktur,Direktorat Konektivitas dan Infrastruktur Logistik
Kedeputian Bidang Infrastruktur,Direktorat Sumber Daya Air
Kedeputian Bidang Infrastruktur,Direktorat Perumahan dan Infrastruktur Kawasan Permukiman
Kedeputian Bidang Infrastruktur,"Direktorat Transmisi, Ketenagalistrikan, Kedirgantaraan, dan Antariksa"
Kedeputian Bidang Pembiayaan dan Investasi Pembangunan,Sekretariat Deputi Bidang Pembiayaan dan Investasi Pembangunan
Kedeputian Bidang Pembiayaan dan Investasi Pembangunan,Direktorat Strategi Pembiayaan dan Investasi Pembangunan
Kedeputian Bidang Pembiayaan dan Investasi Pembangunan,Direktorat Alokasi Anggaran Pembangunan Pusat dan Daerah
Kedeputian Bidang Pembiayaan dan Investasi Pembangunan,Direktorat Pembiayaan dan Hibah Luar Negeri
Kedeputian Bidang Pembiayaan dan Investasi Pembangunan,Direktorat Pembiayaan dan Hibah Dalam Negeri
Kedeputian Bidang Pembiayaan dan Investasi Pembangunan,Direktorat Pembiayaan Strategis dan Inovatif
"Kedeputian Bidang Pengendalian, Evaluasi, dan Manajemen Risiko Pembangunan","Sekretariat Deputi Bidang Pengendalian, Evaluasi, dan Manajemen Risiko Pembangunan"
"Kedeputian Bidang Pengendalian, Evaluasi, dan Manajemen Risiko Pembangunan",Direktorat Sistem dan Manajemen Risiko
"Kedeputian Bidang Pengendalian, Evaluasi, dan Manajemen Risiko Pembangunan",Direktorat Pengendalian dan Evaluasi Kebijakan Strategis I
"Kedeputian Bidang Pengendalian, Evaluasi, dan Manajemen Risiko Pembangunan",Direktorat Pengendalian dan Evaluasi Kebijakan Strategis II
"Kedeputian Bidang Pengendalian, Evaluasi, dan Manajemen Risiko Pembangunan",Direktorat Pengendalian dan Evaluasi Kebijakan Strategis III
"Kedeputian Bidang Pengendalian, Evaluasi, dan Manajemen Risiko Pembangunan",Direktorat Pengendalian dan Evaluasi Kebijakan Strategis IV
Inspektorat Utama,Inspektorat Bidang Akuntabilitas Keuangan
Inspektorat Utama,Inspektorat Bidang Kinerja Kelembagaan
Inspektorat Utama,Inspektorat Bidang Investigasi
